Time(Second) ; LOG( )
0; LOW
0.499834; LOW
0.999976; LOW
1.50002; LOW
2.00021; LOW
2.50016; LOW
3.00036; LOW
3.50022; LOW
4.00033; LOW
4.5002; LOW
5.00032; LOW
5.4999; LOW
6.00059; LOW
6.50045; LOW
7.00008; LOW
7.50034; LOW
8.00037; LOW
8.5005; LOW
8.99987; LOW
9.49982; LOW
